"date","airt","status"
2012-01-01,6.9,"predicted"
2012-01-02,4.4,"predicted"
2012-01-03,-4.1,"predicted"
2012-01-04,-4.3,"predicted"
2012-01-05,-4.1,"predicted"
2012-01-06,-7.5,"predicted"
2012-01-07,-5.9,"predicted"
2012-01-08,-5.4,"predicted"
2012-01-09,-5.5,"predicted"
2012-01-10,-6.2,"predicted"
2012-01-11,-7,"predicted"
2012-01-12,-6.1,"predicted"
2012-01-13,-7.6,"predicted"
2012-01-14,-11.3,"predicted"
2012-01-15,-9.2,"predicted"
2012-01-16,-5.9,"predicted"
2012-01-17,-12.8,"predicted"
2012-01-18,-5.5,"predicted"
2012-01-19,-1.4,"predicted"
2012-01-20,-7,"predicted"
2012-01-21,-8,"predicted"
2012-01-22,-11.5,"predicted"
2012-01-23,-13.7,"predicted"
2012-01-24,-19,"predicted"
2012-01-25,-9.1,"predicted"
2012-01-26,-5.3,"predicted"
2012-01-27,-5.1,"predicted"
2012-01-28,-5.7,"predicted"
2012-01-29,-3.9,"predicted"
2012-01-30,-5.7,"predicted"
2012-01-31,-9.7,"predicted"
2012-02-01,-10.1,"predicted"
2012-02-02,-7.6,"predicted"
2012-02-03,-8.6,"predicted"
2012-02-04,-6.5,"predicted"
2012-02-05,-3,"predicted"
2012-02-06,-0.1,"predicted"
2012-02-07,-0.8,"predicted"
2012-02-08,-4.3,"predicted"
2012-02-09,-9.5,"predicted"
2012-02-10,-9.3,"predicted"
2012-02-11,-10.3,"predicted"
2012-02-12,-4.2,"predicted"
2012-02-13,-4.3,"predicted"
2012-02-14,4,"predicted"
2012-02-15,-7.8,"predicted"
2012-02-16,-4,"predicted"
2012-02-17,6.2,"predicted"
2012-02-18,9,"predicted"
2012-02-19,-4.1,"predicted"
2012-02-20,-7.5,"predicted"
2012-02-21,-8.1,"predicted"
2012-02-22,-8.8,"predicted"
2012-02-23,-5.3,"predicted"
2012-02-24,-2.1,"predicted"
2012-02-25,-1.3,"predicted"
2012-02-26,-4,"predicted"
2012-02-27,-4.2,"predicted"
2012-02-28,-1.6,"predicted"
2012-02-29,-2.7,"predicted"
2012-03-01,-2.1,"predicted"
2012-03-02,-10.2,"predicted"
2012-03-03,-5.2,"predicted"
2012-03-04,4.6,"predicted"
2012-03-05,7.5,"predicted"
2012-03-06,-1.8,"predicted"
2012-03-07,-2.6,"predicted"
2012-03-08,-2.1,"predicted"
2012-03-09,0.6,"predicted"
2012-03-10,5.6,"predicted"
2012-03-11,2.2,"predicted"
2012-03-12,2.4,"predicted"
2012-03-13,0.1,"predicted"
2012-03-14,-0.1,"predicted"
2012-03-15,0.9,"predicted"
2012-03-16,7,"predicted"
2012-03-17,10.5,"predicted"
2012-03-18,2.6,"predicted"
2012-03-19,0,"predicted"
2012-03-20,-0.6,"predicted"
2012-03-21,0,"predicted"
2012-03-22,-2.1,"predicted"
2012-03-23,-0.9,"predicted"
2012-03-24,-2.4,"predicted"
2012-03-25,-4,"predicted"
2012-03-26,-2.7,"predicted"
2012-03-27,-1,"predicted"
2012-03-28,-0.2,"predicted"
2012-03-29,3.1,"predicted"
2012-03-30,2,"predicted"
2012-03-31,-0.2,"predicted"
2012-04-01,2.6,"predicted"
2012-04-02,4,"predicted"
2012-04-03,4.1,"predicted"
2012-04-04,5.6,"predicted"
2012-04-05,2.5,"predicted"
2012-04-06,3.5,"predicted"
2012-04-07,4.4,"predicted"
2012-04-08,7.4,"predicted"
2012-04-09,9.2,"predicted"
2012-04-10,13.6,"predicted"
2012-04-11,12.1,"predicted"
2012-04-12,4.8,"predicted"
2012-04-13,8.4,"predicted"
2012-04-14,4.7,"predicted"
2012-04-15,2,"predicted"
2012-04-16,8.2,"predicted"
2012-04-17,7.2,"predicted"
2012-04-18,5.2,"predicted"
2012-04-19,4.5,"predicted"
2012-04-20,4.3,"predicted"
2012-04-21,4.9,"predicted"
2012-04-22,4.8,"predicted"
2012-04-23,13.2,"predicted"
2012-04-24,11.3,"predicted"
2012-04-25,15.1,"predicted"
2012-04-26,18.8,"predicted"
2012-04-27,17,"predicted"
2012-04-28,13.3,"predicted"
2012-04-29,10.5,"predicted"
2012-04-30,11.3,"predicted"
2012-05-01,10.9,"predicted"
2012-05-02,16.1,"predicted"
2012-05-03,10.1,"predicted"
2012-05-04,6.1,"predicted"
2012-05-05,11.7,"predicted"
2012-05-06,13.3,"predicted"
2012-05-07,11.8,"predicted"
2012-05-08,13.3,"predicted"
2012-05-09,11.6,"predicted"
2012-05-10,11.3,"predicted"
2012-05-11,12.6,"predicted"
2012-05-12,14.1,"predicted"
2012-05-13,12.9,"predicted"
2012-05-14,11.9,"predicted"
2012-05-15,8.6,"predicted"
2012-05-16,8.4,"predicted"
2012-05-17,10.6,"predicted"
2012-05-18,13.4,"predicted"
2012-05-19,14.9,"predicted"
2012-05-20,15.4,"predicted"
2012-05-21,11.2,"predicted"
2012-05-22,11.9,"predicted"
2012-05-23,18.4,"predicted"
2012-05-24,18.5,"predicted"
2012-05-25,20,"predicted"
2012-05-26,22.6,"predicted"
2012-05-27,20.5,"predicted"
2012-05-28,21.7,"predicted"
2012-05-29,22.4,"predicted"
2012-05-30,22.6,"predicted"
2012-05-31,20.8,"predicted"
2012-06-01,13.7,"predicted"
2012-06-02,12.5,"predicted"
2012-06-03,13.9,"predicted"
2012-06-04,14.5,"predicted"
2012-06-05,18.8,"predicted"
2012-06-06,21.6,"predicted"
2012-06-07,23.8,"predicted"
2012-06-08,20.3,"predicted"
2012-06-09,19.8,"predicted"
2012-06-10,12.5,"predicted"
2012-06-11,10.9,"predicted"
2012-06-12,14.8,"predicted"
2012-06-13,11.8,"predicted"
2012-06-14,16.2,"predicted"
2012-06-15,19.5,"predicted"
2012-06-16,17.2,"predicted"
2012-06-17,19.6,"predicted"
2012-06-18,17.3,"predicted"
2012-06-19,18.2,"predicted"
2012-06-20,20.2,"predicted"
2012-06-21,17.6,"predicted"
2012-06-22,15.8,"predicted"
2012-06-23,12.7,"predicted"
2012-06-24,15.2,"predicted"
2012-06-25,18.8,"predicted"
2012-06-26,20.6,"predicted"
2012-06-27,21.6,"predicted"
2012-06-28,19.6,"predicted"
2012-06-29,18.3,"predicted"
2012-06-30,18.1,"predicted"
2012-07-01,20.7,"predicted"
2012-07-02,19.8,"predicted"
2012-07-03,22.4,"predicted"
2012-07-04,22.8,"predicted"
2012-07-05,22.4,"predicted"
2012-07-06,20.9,"predicted"
2012-07-07,19.4,"predicted"
2012-07-08,20.6,"predicted"
2012-07-09,20.4,"predicted"
2012-07-10,24.3,"predicted"
2012-07-11,25.2,"predicted"
2012-07-12,20.3,"predicted"
2012-07-13,18.2,"predicted"
2012-07-14,20.2,"predicted"
2012-07-15,21.7,"predicted"
2012-07-16,23.9,"predicted"
2012-07-17,22.3,"predicted"
2012-07-18,22.2,"predicted"
2012-07-19,23,"predicted"
2012-07-20,25.9,"predicted"
2012-07-21,28.3,"predicted"
2012-07-22,24.8,"predicted"
2012-07-23,23.1,"predicted"
2012-07-24,17.5,"predicted"
2012-07-25,18.6,"predicted"
2012-07-26,19.4,"predicted"
2012-07-27,20.8,"predicted"
2012-07-28,20.8,"predicted"
2012-07-29,22.2,"predicted"
2012-07-30,21.8,"predicted"
2012-07-31,21.4,"predicted"
2012-08-01,20.6,"predicted"
2012-08-02,19.4,"predicted"
2012-08-03,20.3,"predicted"
2012-08-04,20.9,"predicted"
2012-08-05,21.8,"predicted"
2012-08-06,22.6,"predicted"
2012-08-07,22.5,"predicted"
2012-08-08,20.3,"predicted"
2012-08-09,20.3,"predicted"
2012-08-10,18.3,"predicted"
2012-08-11,18,"predicted"
2012-08-12,20.3,"predicted"
2012-08-13,18,"predicted"
2012-08-14,16.7,"predicted"
2012-08-15,15.9,"predicted"
2012-08-16,19.6,"predicted"
2012-08-17,21.5,"predicted"
2012-08-18,21.6,"predicted"
2012-08-19,21.3,"predicted"
2012-08-20,20.7,"predicted"
2012-08-21,17.8,"predicted"
2012-08-22,15.8,"predicted"
2012-08-23,18.9,"predicted"
2012-08-24,20.2,"predicted"
2012-08-25,20.8,"predicted"
2012-08-26,20.2,"predicted"
2012-08-27,19.1,"predicted"
2012-08-28,16.2,"predicted"
2012-08-29,17.6,"predicted"
2012-08-30,19.4,"predicted"
2012-08-31,18.9,"predicted"
2012-09-01,18.1,"predicted"
2012-09-02,20.5,"predicted"
2012-09-03,21.6,"predicted"
2012-09-04,21.2,"predicted"
2012-09-05,15,"predicted"
2012-09-06,13.5,"predicted"
2012-09-07,15.9,"predicted"
2012-09-08,18.7,"predicted"
2012-09-09,16.8,"predicted"
2012-09-10,14.9,"predicted"
2012-09-11,18.5,"predicted"
2012-09-12,20.5,"predicted"
2012-09-13,20.1,"predicted"
2012-09-14,15,"predicted"
2012-09-15,8.7,"predicted"
2012-09-16,9.9,"predicted"
2012-09-17,11,"predicted"
2012-09-18,11.4,"predicted"
2012-09-19,13.5,"predicted"
2012-09-20,17.4,"predicted"
2012-09-21,19.3,"predicted"
2012-09-22,19.6,"predicted"
2012-09-23,20.6,"predicted"
2012-09-24,19.9,"predicted"
2012-09-25,20.2,"predicted"
2012-09-26,19.9,"predicted"
2012-09-27,17.9,"predicted"
2012-09-28,16.4,"predicted"
2012-09-29,16,"predicted"
2012-09-30,12.2,"predicted"
2012-10-01,12.4,"predicted"
2012-10-02,11.4,"predicted"
2012-10-03,11,"predicted"
2012-10-04,10.4,"predicted"
2012-10-05,7.4,"predicted"
2012-10-06,9,"predicted"
2012-10-07,15.1,"predicted"
2012-10-08,18.4,"predicted"
2012-10-09,18.8,"predicted"
2012-10-10,14.4,"predicted"
2012-10-11,11,"predicted"
2012-10-12,13.1,"predicted"
2012-10-13,15.1,"predicted"
2012-10-14,11,"predicted"
2012-10-15,11.8,"predicted"
2012-10-16,11.4,"predicted"
2012-10-17,10.1,"predicted"
2012-10-18,10.4,"predicted"
2012-10-19,12.7,"predicted"
2012-10-20,9.9,"predicted"
2012-10-21,8.2,"predicted"
2012-10-22,5.4,"predicted"
2012-10-23,8,"predicted"
2012-10-24,7.3,"predicted"
2012-10-25,5,"predicted"
2012-10-26,2.1,"predicted"
2012-10-27,0.2,"predicted"
2012-10-28,-0.6,"predicted"
2012-10-29,0.1,"predicted"
2012-10-30,1.9,"predicted"
2012-10-31,3,"predicted"
2012-11-01,4.1,"predicted"
2012-11-02,6.1,"predicted"
2012-11-03,3.8,"predicted"
2012-11-04,1.7,"predicted"
2012-11-05,4.3,"predicted"
2012-11-06,8.2,"predicted"
2012-11-07,11.3,"predicted"
2012-11-08,12.8,"predicted"
2012-11-09,12.6,"predicted"
2012-11-10,3.7,"predicted"
2012-11-11,4.3,"predicted"
2012-11-12,9.2,"predicted"
2012-11-13,12.2,"predicted"
2012-11-14,12.1,"predicted"
2012-11-15,9.9,"predicted"
2012-11-16,4.1,"predicted"
2012-11-17,0.1,"predicted"
2012-11-18,3.9,"predicted"
2012-11-19,10.3,"predicted"
2012-11-20,4.5,"predicted"
2012-11-21,2,"predicted"
2012-11-22,0.6,"predicted"
2012-11-23,0.9,"predicted"
2012-11-24,6.8,"predicted"
2012-11-25,9.1,"predicted"
2012-11-26,7.7,"predicted"
2012-11-27,12.3,"predicted"
2012-11-28,14,"predicted"
2012-11-29,7.7,"predicted"
2012-11-30,2.1,"predicted"
2012-12-01,1.3,"predicted"
2012-12-02,0.3,"predicted"
2012-12-03,4.4,"predicted"
2012-12-04,8.8,"predicted"
2012-12-05,11.7,"predicted"
2012-12-06,8.3,"predicted"
2012-12-07,-0.1,"predicted"
2012-12-08,1,"predicted"
2012-12-09,-0.8,"predicted"
2012-12-10,-3.5,"predicted"
2012-12-11,-0.3,"predicted"
2012-12-12,0.5,"predicted"
2012-12-13,1.7,"predicted"
2012-12-14,5.6,"predicted"
2012-12-15,3.6,"predicted"
2012-12-16,-2.2,"predicted"
2012-12-17,-9.4,"predicted"
2012-12-18,-2.5,"predicted"
2012-12-19,0.3,"predicted"
2012-12-20,4.9,"predicted"
2012-12-21,6.7,"predicted"
2012-12-22,1.5,"predicted"
2012-12-23,-6,"predicted"
2012-12-24,-3.4,"predicted"
2012-12-25,0,"predicted"
2012-12-26,2.6,"predicted"
2012-12-27,1.4,"predicted"
2012-12-28,-6.7,"predicted"
2012-12-29,-1.3,"predicted"
2012-12-30,1,"predicted"
2012-12-31,6.9,"predicted"
2013-01-01,4.4,"predicted"
2013-01-02,-4.1,"predicted"
2013-01-03,-4.3,"predicted"
2013-01-04,-4.1,"predicted"
2013-01-05,-7.5,"predicted"
2013-01-06,-5.9,"predicted"
2013-01-07,-5.4,"predicted"
2013-01-08,-5.5,"predicted"
2013-01-09,-6.2,"predicted"
2013-01-10,-7,"predicted"
2013-01-11,-6.1,"predicted"
2013-01-12,-7.6,"predicted"
2013-01-13,-11.3,"predicted"
2013-01-14,-9.2,"predicted"
2013-01-15,-5.9,"predicted"
2013-01-16,-12.8,"predicted"
2013-01-17,-5.5,"predicted"
2013-01-18,-1.4,"predicted"
2013-01-19,-7,"predicted"
2013-01-20,-8,"predicted"
2013-01-21,-11.5,"predicted"
2013-01-22,-13.7,"predicted"
2013-01-23,-19,"predicted"
2013-01-24,-9.1,"predicted"
2013-01-25,-5.3,"predicted"
2013-01-26,-5.1,"predicted"
2013-01-27,-5.7,"predicted"
2013-01-28,-3.9,"predicted"
2013-01-29,-5.7,"predicted"
2013-01-30,-9.7,"predicted"
2013-01-31,-10.1,"predicted"
2013-02-01,-7.6,"predicted"
2013-02-02,-8.6,"predicted"
2013-02-03,-6.5,"predicted"
2013-02-04,-3,"predicted"
2013-02-05,-0.1,"predicted"
2013-02-06,-0.8,"predicted"
2013-02-07,-4.3,"predicted"
2013-02-08,-9.5,"predicted"
2013-02-09,-9.3,"predicted"
2013-02-10,-10.3,"predicted"
2013-02-11,-4.2,"predicted"
2013-02-12,-4.3,"predicted"
2013-02-13,4,"predicted"
2013-02-14,-7.8,"predicted"
2013-02-15,-4,"predicted"
2013-02-16,6.2,"predicted"
2013-02-17,9,"predicted"
2013-02-18,-4.1,"predicted"
2013-02-19,-7.5,"predicted"
2013-02-20,-8.1,"predicted"
2013-02-21,-8.8,"predicted"
2013-02-22,-5.3,"predicted"
2013-02-23,-2.1,"predicted"
2013-02-24,-1.3,"predicted"
2013-02-25,-4,"predicted"
2013-02-26,-4.2,"predicted"
2013-02-27,-1.6,"predicted"
2013-02-28,-2.7,"predicted"
2013-03-01,-2.1,"predicted"
2013-03-02,-10.2,"predicted"
2013-03-03,-5.2,"predicted"
2013-03-04,4.6,"predicted"
2013-03-05,7.5,"predicted"
2013-03-06,-1.8,"predicted"
2013-03-07,-2.6,"predicted"
2013-03-08,-2.1,"predicted"
2013-03-09,0.6,"predicted"
2013-03-10,5.6,"predicted"
2013-03-11,2.2,"predicted"
2013-03-12,2.4,"predicted"
2013-03-13,0.1,"predicted"
2013-03-14,-0.1,"predicted"
2013-03-15,0.9,"predicted"
2013-03-16,7,"predicted"
2013-03-17,10.5,"predicted"
2013-03-18,2.6,"predicted"
2013-03-19,0,"predicted"
2013-03-20,-0.6,"predicted"
2013-03-21,0,"predicted"
2013-03-22,-2.1,"predicted"
2013-03-23,-0.9,"predicted"
2013-03-24,-2.4,"predicted"
2013-03-25,-4,"predicted"
2013-03-26,-2.7,"predicted"
2013-03-27,-1,"predicted"
2013-03-28,-0.2,"predicted"
2013-03-29,3.1,"predicted"
2013-03-30,2,"predicted"
2013-03-31,-0.2,"predicted"
2013-04-01,2.6,"predicted"
2013-04-02,4,"predicted"
2013-04-03,4.1,"predicted"
2013-04-04,5.6,"predicted"
2013-04-05,2.5,"predicted"
2013-04-06,3.5,"predicted"
2013-04-07,4.4,"predicted"
2013-04-08,7.4,"predicted"
2013-04-09,9.2,"predicted"
2013-04-10,13.6,"predicted"
2013-04-11,12.1,"predicted"
2013-04-12,4.8,"predicted"
2013-04-13,8.4,"predicted"
2013-04-14,4.7,"predicted"
2013-04-15,2,"predicted"
2013-04-16,8.2,"predicted"
2013-04-17,7.2,"predicted"
2013-04-18,5.2,"predicted"
2013-04-19,4.5,"predicted"
2013-04-20,4.3,"predicted"
2013-04-21,4.9,"predicted"
2013-04-22,4.8,"predicted"
2013-04-23,13.2,"predicted"
2013-04-24,11.3,"predicted"
2013-04-25,15.1,"predicted"
2013-04-26,18.8,"predicted"
2013-04-27,17,"predicted"
2013-04-28,13.3,"predicted"
2013-04-29,10.5,"predicted"
2013-04-30,11.3,"predicted"
2013-05-01,10.9,"predicted"
2013-05-02,16.1,"predicted"
2013-05-03,10.1,"predicted"
2013-05-04,6.1,"predicted"
2013-05-05,11.7,"predicted"
2013-05-06,13.3,"predicted"
2013-05-07,11.8,"predicted"
2013-05-08,13.3,"predicted"
2013-05-09,11.6,"predicted"
2013-05-10,11.3,"predicted"
2013-05-11,12.6,"predicted"
2013-05-12,14.1,"predicted"
2013-05-13,12.9,"predicted"
2013-05-14,11.9,"predicted"
2013-05-15,8.6,"predicted"
2013-05-16,8.4,"predicted"
2013-05-17,10.6,"predicted"
2013-05-18,13.4,"predicted"
2013-05-19,14.9,"predicted"
2013-05-20,15.4,"predicted"
2013-05-21,11.2,"predicted"
2013-05-22,11.9,"predicted"
2013-05-23,18.4,"predicted"
2013-05-24,18.5,"predicted"
2013-05-25,20,"predicted"
2013-05-26,22.6,"predicted"
2013-05-27,20.5,"predicted"
2013-05-28,21.7,"predicted"
2013-05-29,22.4,"predicted"
2013-05-30,22.6,"predicted"
2013-05-31,20.8,"predicted"
2013-06-01,13.7,"predicted"
2013-06-02,12.5,"predicted"
2013-06-03,13.9,"predicted"
2013-06-04,14.5,"predicted"
2013-06-05,18.8,"predicted"
2013-06-06,21.6,"predicted"
2013-06-07,23.8,"predicted"
2013-06-08,20.3,"predicted"
2013-06-09,19.8,"predicted"
2013-06-10,12.5,"predicted"
2013-06-11,10.9,"predicted"
2013-06-12,14.8,"predicted"
2013-06-13,11.8,"predicted"
2013-06-14,16.2,"predicted"
2013-06-15,19.5,"predicted"
2013-06-16,17.2,"predicted"
2013-06-17,19.6,"predicted"
2013-06-18,17.3,"predicted"
2013-06-19,18.2,"predicted"
2013-06-20,20.2,"predicted"
2013-06-21,17.6,"predicted"
2013-06-22,15.8,"predicted"
2013-06-23,12.7,"predicted"
2013-06-24,15.2,"predicted"
2013-06-25,18.8,"predicted"
2013-06-26,20.6,"predicted"
2013-06-27,21.6,"predicted"
2013-06-28,19.6,"predicted"
2013-06-29,18.3,"predicted"
2013-06-30,18.1,"predicted"
2013-07-01,20.7,"predicted"
2013-07-02,19.8,"predicted"
2013-07-03,22.4,"predicted"
2013-07-04,22.8,"predicted"
2013-07-05,22.4,"predicted"
2013-07-06,20.9,"predicted"
2013-07-07,19.4,"predicted"
2013-07-08,20.6,"predicted"
2013-07-09,20.4,"predicted"
2013-07-10,24.3,"predicted"
2013-07-11,25.2,"predicted"
2013-07-12,20.3,"predicted"
2013-07-13,18.2,"predicted"
2013-07-14,20.2,"predicted"
2013-07-15,21.7,"predicted"
2013-07-16,23.9,"predicted"
2013-07-17,22.3,"predicted"
2013-07-18,22.2,"predicted"
2013-07-19,23,"predicted"
2013-07-20,25.9,"predicted"
2013-07-21,28.3,"predicted"
2013-07-22,24.8,"predicted"
2013-07-23,23.1,"predicted"
2013-07-24,17.5,"predicted"
2013-07-25,18.6,"predicted"
2013-07-26,19.4,"predicted"
2013-07-27,20.8,"predicted"
2013-07-28,20.8,"predicted"
2013-07-29,22.2,"predicted"
2013-07-30,21.8,"predicted"
2013-07-31,21.4,"predicted"
2013-08-01,20.6,"predicted"
2013-08-02,19.4,"predicted"
2013-08-03,20.3,"predicted"
2013-08-04,20.9,"predicted"
2013-08-05,21.8,"predicted"
2013-08-06,22.6,"predicted"
2013-08-07,22.5,"predicted"
2013-08-08,20.3,"predicted"
2013-08-09,20.3,"predicted"
2013-08-10,18.3,"predicted"
2013-08-11,18,"predicted"
2013-08-12,20.3,"predicted"
2013-08-13,18,"predicted"
2013-08-14,16.7,"predicted"
2013-08-15,15.9,"predicted"
2013-08-16,19.6,"predicted"
2013-08-17,21.5,"predicted"
2013-08-18,21.6,"predicted"
2013-08-19,21.3,"predicted"
2013-08-20,20.7,"predicted"
2013-08-21,17.8,"predicted"
2013-08-22,15.8,"predicted"
2013-08-23,18.9,"predicted"
2013-08-24,20.2,"predicted"
2013-08-25,20.8,"predicted"
2013-08-26,20.2,"predicted"
2013-08-27,19.1,"predicted"
2013-08-28,16.2,"predicted"
2013-08-29,17.6,"predicted"
2013-08-30,19.4,"predicted"
2013-08-31,18.9,"predicted"
2013-09-01,18.1,"predicted"
2013-09-02,20.5,"predicted"
2013-09-03,21.6,"predicted"
2013-09-04,21.2,"predicted"
2013-09-05,15,"predicted"
2013-09-06,13.5,"predicted"
2013-09-07,15.9,"predicted"
2013-09-08,18.7,"predicted"
2013-09-09,16.8,"predicted"
2013-09-10,14.9,"predicted"
2013-09-11,18.5,"predicted"
2013-09-12,20.5,"predicted"
2013-09-13,20.1,"predicted"
2013-09-14,15,"predicted"
2013-09-15,8.7,"predicted"
2013-09-16,9.9,"predicted"
2013-09-17,11,"predicted"
2013-09-18,11.4,"predicted"
2013-09-19,13.5,"predicted"
2013-09-20,17.4,"predicted"
2013-09-21,19.3,"predicted"
2013-09-22,19.6,"predicted"
2013-09-23,20.6,"predicted"
2013-09-24,19.9,"predicted"
2013-09-25,20.2,"predicted"
2013-09-26,19.9,"predicted"
2013-09-27,17.9,"predicted"
2013-09-28,16.4,"predicted"
2013-09-29,16,"predicted"
2013-09-30,12.2,"predicted"
2013-10-01,12.4,"predicted"
2013-10-02,11.4,"predicted"
2013-10-03,11,"predicted"
2013-10-04,10.4,"predicted"
2013-10-05,7.4,"predicted"
2013-10-06,9,"predicted"
2013-10-07,15.1,"predicted"
2013-10-08,18.4,"predicted"
2013-10-09,18.8,"predicted"
2013-10-10,14.4,"predicted"
2013-10-11,11,"predicted"
2013-10-12,13.1,"predicted"
2013-10-13,15.1,"predicted"
2013-10-14,11,"predicted"
2013-10-15,11.8,"predicted"
2013-10-16,11.4,"predicted"
2013-10-17,10.1,"predicted"
2013-10-18,10.4,"predicted"
2013-10-19,12.7,"predicted"
2013-10-20,9.9,"predicted"
2013-10-21,8.2,"predicted"
2013-10-22,5.4,"predicted"
2013-10-23,8,"predicted"
2013-10-24,7.3,"predicted"
2013-10-25,5,"predicted"
2013-10-26,2.1,"predicted"
2013-10-27,0.2,"predicted"
2013-10-28,-0.6,"predicted"
2013-10-29,0.1,"predicted"
2013-10-30,1.9,"predicted"
2013-10-31,3,"predicted"
2013-11-01,4.1,"predicted"
2013-11-02,6.1,"predicted"
2013-11-03,3.8,"predicted"
2013-11-04,1.7,"predicted"
2013-11-05,4.3,"predicted"
2013-11-06,8.2,"predicted"
2013-11-07,11.3,"predicted"
2013-11-08,12.8,"predicted"
2013-11-09,12.6,"predicted"
2013-11-10,3.7,"predicted"
2013-11-11,4.3,"predicted"
2013-11-12,9.2,"predicted"
2013-11-13,12.2,"predicted"
2013-11-14,12.1,"predicted"
2013-11-15,9.9,"predicted"
2013-11-16,4.1,"predicted"
2013-11-17,0.1,"predicted"
2013-11-18,3.9,"predicted"
2013-11-19,10.3,"predicted"
2013-11-20,4.5,"predicted"
2013-11-21,2,"predicted"
2013-11-22,0.6,"predicted"
2013-11-23,0.9,"predicted"
2013-11-24,6.8,"predicted"
2013-11-25,9.1,"predicted"
2013-11-26,7.7,"predicted"
2013-11-27,12.3,"predicted"
2013-11-28,14,"predicted"
2013-11-29,7.7,"predicted"
2013-11-30,2.1,"predicted"
2013-12-01,1.3,"predicted"
2013-12-02,0.3,"predicted"
2013-12-03,4.4,"predicted"
2013-12-04,8.8,"predicted"
2013-12-05,11.7,"predicted"
2013-12-06,8.3,"predicted"
2013-12-07,-0.1,"predicted"
2013-12-08,1,"predicted"
2013-12-09,-0.8,"predicted"
2013-12-10,-3.5,"predicted"
2013-12-11,-0.3,"predicted"
2013-12-12,0.5,"predicted"
2013-12-13,1.7,"predicted"
2013-12-14,5.6,"predicted"
2013-12-15,3.6,"predicted"
2013-12-16,-2.2,"predicted"
2013-12-17,-9.4,"predicted"
2013-12-18,-2.5,"predicted"
2013-12-19,0.3,"predicted"
2013-12-20,4.9,"predicted"
2013-12-21,6.7,"predicted"
2013-12-22,1.5,"predicted"
2013-12-23,-6,"predicted"
2013-12-24,-3.4,"predicted"
2013-12-25,0,"predicted"
2013-12-26,2.6,"predicted"
2013-12-27,1.4,"predicted"
2013-12-28,-6.7,"predicted"
2013-12-29,-1.3,"predicted"
2013-12-30,1,"predicted"
2009-01-01,-15.1,"observed"
2009-01-02,-9.1,"observed"
2009-01-03,-5.5,"observed"
2009-01-04,-6.4,"observed"
2009-01-05,-2.4,"observed"
2009-01-06,-4.9,"observed"
2009-01-07,-2.6,"observed"
2009-01-08,-3.2,"observed"
2009-01-09,-9.9,"observed"
2009-01-10,-11.1,"observed"
2009-01-11,-8.6,"observed"
2009-01-12,-9.2,"observed"
2009-01-13,-4.7,"observed"
2009-01-14,-11.5,"observed"
2009-01-15,-14.7,"observed"
2009-01-16,-16.5,"observed"
2009-01-17,-15.3,"observed"
2009-01-18,-7.9,"observed"
2009-01-19,-5.6,"observed"
2009-01-20,-7.7,"observed"
2009-01-21,-11.4,"observed"
2009-01-22,-5.9,"observed"
2009-01-23,-0.8,"observed"
2009-01-24,-5.6,"observed"
2009-01-25,-12.8,"observed"
2009-01-26,-10.9,"observed"
2009-01-27,-8.6,"observed"
2009-01-28,-5.1,"observed"
2009-01-29,-6,"observed"
2009-01-30,-6.5,"observed"
2009-01-31,-9.8,"observed"
2009-02-01,-3.3,"observed"
2009-02-02,1.7,"observed"
2009-02-03,-4.1,"observed"
2009-02-04,-10.7,"observed"
2009-02-05,-14.3,"observed"
2009-02-06,-11.1,"observed"
2009-02-07,-2.8,"observed"
2009-02-08,3.1,"observed"
2009-02-09,-2.4,"observed"
2009-02-10,-2.1,"observed"
2009-02-11,6.2,"observed"
2009-02-12,4.6,"observed"
2009-02-13,-2.9,"observed"
2009-02-14,-4,"observed"
2009-02-15,-2.8,"observed"
2009-02-16,-3.6,"observed"
2009-02-17,-4.9,"observed"
2009-02-18,-2.9,"observed"
2009-02-19,-0.3,"observed"
2009-02-20,-7,"observed"
2009-02-21,-4,"observed"
2009-02-22,-1,"observed"
2009-02-23,-6.3,"observed"
2009-02-24,-6.9,"observed"
2009-02-25,-4.5,"observed"
2009-02-26,0.4,"observed"
2009-02-27,6.6,"observed"
2009-02-28,-1.3,"observed"
2009-03-01,-5.8,"observed"
2009-03-02,-9,"observed"
2009-03-03,-10.6,"observed"
2009-03-04,-8.7,"observed"
2009-03-05,-4,"observed"
2009-03-06,3.3,"observed"
2009-03-07,7.4,"observed"
2009-03-08,7.5,"observed"
2009-03-09,-1.1,"observed"
2009-03-10,0.2,"observed"
2009-03-11,3.9,"observed"
2009-03-12,-3.3,"observed"
2009-03-13,-4.2,"observed"
2009-03-14,1,"observed"
2009-03-15,4.6,"observed"
2009-03-16,2.3,"observed"
2009-03-17,3.8,"observed"
2009-03-18,6.4,"observed"
2009-03-19,3.7,"observed"
2009-03-20,-0.5,"observed"
2009-03-21,-0.1,"observed"
2009-03-22,0.7,"observed"
2009-03-23,-5.4,"observed"
2009-03-24,-1.1,"observed"
2009-03-25,3.1,"observed"
2009-03-26,3.5,"observed"
2009-03-27,7.6,"observed"
2009-03-28,9.5,"observed"
2009-03-29,3.6,"observed"
2009-03-30,2.8,"observed"
2009-03-31,5,"observed"
2009-04-01,3.5,"observed"
2009-04-02,9.7,"observed"
2009-04-03,10.1,"observed"
2009-04-04,4.5,"observed"
2009-04-05,4.9,"observed"
2009-04-06,2.9,"observed"
2009-04-07,1.8,"observed"
2009-04-08,1.1,"observed"
2009-04-09,6.1,"observed"
2009-04-10,7.8,"observed"
2009-04-11,4.3,"observed"
2009-04-12,-0.4,"observed"
2009-04-13,2.6,"observed"
2009-04-14,7.6,"observed"
2009-04-15,6.6,"observed"
2009-04-16,7.5,"observed"
2009-04-17,10,"observed"
2009-04-18,10.6,"observed"
2009-04-19,8.2,"observed"
2009-04-20,4.7,"observed"
2009-04-21,7.8,"observed"
2009-04-22,8.5,"observed"
2009-04-23,5.6,"observed"
2009-04-24,11.2,"observed"
2009-04-25,19.8,"observed"
2009-04-26,21.1,"observed"
2009-04-27,20.2,"observed"
2009-04-28,22,"observed"
2009-04-29,10.7,"observed"
2009-04-30,11.3,"observed"
2009-05-01,13.7,"observed"
2009-05-02,12.2,"observed"
2009-05-03,10.1,"observed"
2009-05-04,12.5,"observed"
2009-05-05,9.1,"observed"
2009-05-06,11.6,"observed"
2009-05-07,13.4,"observed"
2009-05-08,15.6,"observed"
2009-05-09,16.3,"observed"
2009-05-10,10.9,"observed"
2009-05-11,10.6,"observed"
2009-05-12,11.3,"observed"
2009-05-13,12.8,"observed"
2009-05-14,11.7,"observed"
2009-05-15,16.3,"observed"
2009-05-16,16.6,"observed"
2009-05-17,10.7,"observed"
2009-05-18,7,"observed"
2009-05-19,11.5,"observed"
2009-05-20,17.8,"observed"
2009-05-21,21.1,"observed"
2009-05-22,21,"observed"
2009-05-23,15.6,"observed"
2009-05-24,17,"observed"
2009-05-25,16.8,"observed"
2009-05-26,10.6,"observed"
2009-05-27,8,"observed"
2009-05-28,7.5,"observed"
2009-05-29,12.7,"observed"
2009-05-30,16.1,"observed"
2009-05-31,12.9,"observed"
2009-06-01,10.9,"observed"
2009-06-02,16.7,"observed"
2009-06-03,13.9,"observed"
2009-06-04,15.7,"observed"
2009-06-05,14.4,"observed"
2009-06-06,16.7,"observed"
2009-06-07,17.9,"observed"
2009-06-08,17.3,"observed"
2009-06-09,11.5,"observed"
2009-06-10,13.5,"observed"
2009-06-11,13.1,"observed"
2009-06-12,17.6,"observed"
2009-06-13,18.8,"observed"
2009-06-14,14.4,"observed"
2009-06-15,13.1,"observed"
2009-06-16,13.4,"observed"
2009-06-17,14.5,"observed"
2009-06-18,14,"observed"
2009-06-19,17.8,"observed"
2009-06-20,18.3,"observed"
2009-06-21,17.1,"observed"
2009-06-22,15.8,"observed"
2009-06-23,17,"observed"
2009-06-24,17.3,"observed"
2009-06-25,20.3,"observed"
2009-06-26,18.9,"observed"
2009-06-27,19.1,"observed"
2009-06-28,17.9,"observed"
2009-06-29,19,"observed"
2009-06-30,18.1,"observed"
2009-07-01,16.3,"observed"
2009-07-02,15.1,"observed"
2009-07-03,18.4,"observed"
2009-07-04,17.5,"observed"
2009-07-05,16.8,"observed"
2009-07-06,18.4,"observed"
2009-07-07,16.1,"observed"
2009-07-08,15.1,"observed"
2009-07-09,14,"observed"
2009-07-10,17.9,"observed"
2009-07-11,18.1,"observed"
2009-07-12,18.2,"observed"
2009-07-13,16.5,"observed"
2009-07-14,15.7,"observed"
2009-07-15,17.7,"observed"
2009-07-16,20.3,"observed"
2009-07-17,20.9,"observed"
2009-07-18,20.6,"observed"
2009-07-19,18.5,"observed"
2009-07-20,19.9,"observed"
2009-07-21,16.1,"observed"
2009-07-22,18.4,"observed"
2009-07-23,18.3,"observed"
2009-07-24,17.2,"observed"
2009-07-25,20.2,"observed"
2009-07-26,21.7,"observed"
2009-07-27,22.1,"observed"
2009-07-28,23,"observed"
2009-07-29,22.9,"observed"
2009-07-30,21.6,"observed"
2009-07-31,18.7,"observed"
2009-08-01,21.1,"observed"
2009-08-02,20.1,"observed"
2009-08-03,20.9,"observed"
2009-08-04,21.2,"observed"
2009-08-05,21.5,"observed"
2009-08-06,18.5,"observed"
2009-08-07,17.1,"observed"
2009-08-08,15.3,"observed"
2009-08-09,16.3,"observed"
2009-08-10,22.4,"observed"
2009-08-11,23.3,"observed"
2009-08-12,19.6,"observed"
2009-08-13,17.3,"observed"
2009-08-14,21,"observed"
2009-08-15,23.1,"observed"
2009-08-16,24,"observed"
2009-08-17,24.5,"observed"
2009-08-18,24.9,"observed"
2009-08-19,23.4,"observed"
2009-08-20,23.6,"observed"
2009-08-21,24.1,"observed"
2009-08-22,22.2,"observed"
2009-08-23,22.1,"observed"
2009-08-24,21.2,"observed"
2009-08-25,20.9,"observed"
2009-08-26,20.5,"observed"
2009-08-27,15.3,"observed"
2009-08-28,15.6,"observed"
2009-08-29,12.1,"observed"
2009-08-30,17.1,"observed"
2009-08-31,14.2,"observed"
2009-09-01,14.2,"observed"
2009-09-02,16,"observed"
2009-09-03,17.4,"observed"
2009-09-04,19.1,"observed"
2009-09-05,18.7,"observed"
2009-09-06,13.6,"observed"
2009-09-07,14,"observed"
2009-09-08,17.2,"observed"
2009-09-09,15.9,"observed"
2009-09-10,12.5,"observed"
2009-09-11,11.7,"observed"
2009-09-12,15.5,"observed"
2009-09-13,17.7,"observed"
2009-09-14,15.4,"observed"
2009-09-15,16.1,"observed"
2009-09-16,11.9,"observed"
2009-09-17,9.9,"observed"
2009-09-18,12.8,"observed"
2009-09-19,10.1,"observed"
2009-09-20,11.8,"observed"
2009-09-21,14.5,"observed"
2009-09-22,17,"observed"
2009-09-23,20,"observed"
2009-09-24,18.4,"observed"
2009-09-25,11,"observed"
2009-09-26,9.6,"observed"
2009-09-27,13.9,"observed"
2009-09-28,15.7,"observed"
2009-09-29,12.9,"observed"
2009-09-30,8.4,"observed"
2009-10-01,5.7,"observed"
2009-10-02,8.4,"observed"
2009-10-03,13.2,"observed"
2009-10-04,14.7,"observed"
2009-10-05,11.1,"observed"
2009-10-06,10.6,"observed"
2009-10-07,11.6,"observed"
2009-10-08,10.2,"observed"
2009-10-09,11.3,"observed"
2009-10-10,10.2,"observed"
2009-10-11,6.1,"observed"
2009-10-12,4.9,"observed"
2009-10-13,4.6,"observed"
2009-10-14,2.3,"observed"
2009-10-15,0.9,"observed"
2009-10-16,1.8,"observed"
2009-10-17,3.7,"observed"
2009-10-18,1.6,"observed"
2009-10-19,3.1,"observed"
2009-10-20,7.9,"observed"
2009-10-21,11.8,"observed"
2009-10-22,14.6,"observed"
2009-10-23,3.9,"observed"
2009-10-24,11.4,"observed"
2009-10-25,9.5,"observed"
2009-10-26,6.8,"observed"
2009-10-27,6.2,"observed"
2009-10-28,6.3,"observed"
2009-10-29,7.2,"observed"
2009-10-30,8.1,"observed"
2009-10-31,13.2,"observed"
2009-11-01,8.3,"observed"
2009-11-02,5.3,"observed"
2009-11-03,5.1,"observed"
2009-11-04,2.9,"observed"
2009-11-05,2.8,"observed"
2009-11-06,1.3,"observed"
2009-11-07,2.2,"observed"
2009-11-08,9.3,"observed"
2009-11-09,11.6,"observed"
2009-11-10,11.9,"observed"
2009-11-11,5.9,"observed"
2009-11-12,4.7,"observed"
2009-11-13,5.6,"observed"
2009-11-14,8.6,"observed"
2009-11-15,12.1,"observed"
2009-11-16,8.2,"observed"
2009-11-17,2.9,"observed"
2009-11-18,1.3,"observed"
2009-11-19,7.5,"observed"
2009-11-20,9.9,"observed"
2009-11-21,6.7,"observed"
2009-11-22,4.9,"observed"
2009-11-23,4.3,"observed"
2009-11-24,5.7,"observed"
2009-11-25,6.7,"observed"
2009-11-26,6.5,"observed"
2009-11-27,4.2,"observed"
2009-11-28,4.6,"observed"
2009-11-29,5.1,"observed"
2009-11-30,5.2,"observed"
2009-12-01,-0.5,"observed"
2009-12-02,4.1,"observed"
2009-12-03,12.2,"observed"
2009-12-04,4.7,"observed"
2009-12-05,0.4,"observed"
2009-12-06,-3,"observed"
2009-12-07,-2.7,"observed"
2009-12-08,-3,"observed"
2009-12-09,-0.9,"observed"
2009-12-10,-0.4,"observed"
2009-12-11,-7.4,"observed"
2009-12-12,-7.2,"observed"
2009-12-13,-1.6,"observed"
2009-12-14,1.7,"observed"
2009-12-15,2.6,"observed"
2009-12-16,-4.5,"observed"
2009-12-17,-11.8,"observed"
2009-12-18,-12.5,"observed"
2009-12-19,-9.5,"observed"
2009-12-20,-8.4,"observed"
2009-12-21,-6.2,"observed"
2009-12-22,-8.8,"observed"
2009-12-23,-10.4,"observed"
2009-12-24,-3.8,"observed"
2009-12-25,-3.3,"observed"
2009-12-26,-0.9,"observed"
2009-12-27,4.3,"observed"
2009-12-28,-2.4,"observed"
2009-12-29,-11.3,"observed"
2009-12-30,-11,"observed"
2009-12-31,-4.7,"observed"
2010-01-01,-2.8,"observed"
2010-01-02,-4.7,"observed"
2010-01-03,-10.8,"observed"
2010-01-04,-6.7,"observed"
2010-01-05,-6.2,"observed"
2010-01-06,-6.8,"observed"
2010-01-07,-4.7,"observed"
2010-01-08,-7.3,"observed"
2010-01-09,-9.4,"observed"
2010-01-10,-12.1,"observed"
2010-01-11,-7,"observed"
2010-01-12,-7,"observed"
2010-01-13,-9.4,"observed"
2010-01-14,-3.2,"observed"
2010-01-15,0.2,"observed"
2010-01-16,0.2,"observed"
2010-01-17,-0.5,"observed"
2010-01-18,-0.7,"observed"
2010-01-19,-0.2,"observed"
2010-01-20,-1.1,"observed"
2010-01-21,-2.7,"observed"
2010-01-22,-3.3,"observed"
2010-01-23,-4.9,"observed"
2010-01-24,-1.4,"observed"
2010-01-25,8.7,"observed"
2010-01-26,0.7,"observed"
2010-01-27,-2,"observed"
2010-01-28,-5.5,"observed"
2010-01-29,-13.8,"observed"
2010-01-30,-14.5,"observed"
2010-01-31,-10.8,"observed"
2010-02-01,-7.1,"observed"
2010-02-02,-7.2,"observed"
2010-02-03,-5.3,"observed"
2010-02-04,-6.2,"observed"
2010-02-05,-6.2,"observed"
2010-02-06,-9,"observed"
2010-02-07,-8.9,"observed"
2010-02-08,-7,"observed"
2010-02-09,-4.7,"observed"
2010-02-10,-2.8,"observed"
2010-02-11,-2.3,"observed"
2010-02-12,-4.8,"observed"
2010-02-13,-6,"observed"
2010-02-14,-3.4,"observed"
2010-02-15,-2.5,"observed"
2010-02-16,-3.5,"observed"
2010-02-17,-3.6,"observed"
2010-02-18,-0.7,"observed"
2010-02-19,-0.8,"observed"
2010-02-20,0.5,"observed"
2010-02-21,-1.5,"observed"
2010-02-22,0,"observed"
2010-02-23,-0.2,"observed"
2010-02-24,0.9,"observed"
2010-02-25,3.1,"observed"
2010-02-26,-0.4,"observed"
2010-02-27,-0.8,"observed"
2010-02-28,-1.4,"observed"
2010-03-01,1.5,"observed"
2010-03-02,3.6,"observed"
2010-03-03,0,"observed"
2010-03-04,0.6,"observed"
2010-03-05,0.7,"observed"
2010-03-06,2.5,"observed"
2010-03-07,3.7,"observed"
2010-03-08,4.8,"observed"
2010-03-09,2.5,"observed"
2010-03-10,3.6,"observed"
2010-03-11,3,"observed"
2010-03-12,2.8,"observed"
2010-03-13,1,"observed"
2010-03-14,2.8,"observed"
2010-03-15,2.4,"observed"
2010-03-16,6.7,"observed"
2010-03-17,8.8,"observed"
2010-03-18,9.9,"observed"
2010-03-19,11.3,"observed"
2010-03-20,12.2,"observed"
2010-03-21,7.8,"observed"
2010-03-22,4.6,"observed"
2010-03-23,4,"observed"
2010-03-24,4.4,"observed"
2010-03-25,7.8,"observed"
2010-03-26,-0.3,"observed"
2010-03-27,-2.1,"observed"
2010-03-28,1.6,"observed"
2010-03-29,8.7,"observed"
2010-03-30,5.7,"observed"
2010-03-31,7.1,"observed"
2010-04-01,9.6,"observed"
2010-04-02,14.2,"observed"
2010-04-03,15.1,"observed"
2010-04-04,13.8,"observed"
2010-04-05,14.1,"observed"
2010-04-06,12.1,"observed"
2010-04-07,18.1,"observed"
2010-04-08,14.1,"observed"
2010-04-09,6.4,"observed"
2010-04-10,5.8,"observed"
2010-04-11,11.2,"observed"
2010-04-12,7.4,"observed"
2010-04-13,7.1,"observed"
2010-04-14,9.4,"observed"
2010-04-15,9.4,"observed"
2010-04-16,3.2,"observed"
2010-04-17,3.2,"observed"
2010-04-18,4.3,"observed"
2010-04-19,7,"observed"
2010-04-20,10.9,"observed"
2010-04-21,12.9,"observed"
2010-04-22,11.9,"observed"
2010-04-23,9.5,"observed"
2010-04-24,11.5,"observed"
2010-04-25,10.6,"observed"
2010-04-26,10.3,"observed"
2010-04-27,4.7,"observed"
2010-04-28,1.8,"observed"
2010-04-29,7.1,"observed"
2010-04-30,13,"observed"
2010-05-01,19.7,"observed"
2010-05-02,22.8,"observed"
2010-05-03,19.4,"observed"
2010-05-04,14.7,"observed"
2010-05-05,16.1,"observed"
2010-05-06,14.9,"observed"
2010-05-07,12.2,"observed"
2010-05-08,9.3,"observed"
2010-05-09,4,"observed"
2010-05-10,6,"observed"
2010-05-11,6.9,"observed"
2010-05-12,5.4,"observed"
2010-05-13,10.4,"observed"
2010-05-14,18.1,"observed"
2010-05-15,14,"observed"
2010-05-16,13.1,"observed"
2010-05-17,15.3,"observed"
2010-05-18,11.8,"observed"
2010-05-19,10.3,"observed"
2010-05-20,17.5,"observed"
2010-05-21,18.6,"observed"
2010-05-22,17.8,"observed"
2010-05-23,17.5,"observed"
2010-05-24,19.8,"observed"
2010-05-25,22.5,"observed"
2010-05-26,24.9,"observed"
2010-05-27,17.3,"observed"
2010-05-28,17,"observed"
2010-05-29,17.1,"observed"
2010-05-30,19.4,"observed"
2010-05-31,19.5,"observed"
2010-06-01,18.1,"observed"
2010-06-02,20.3,"observed"
2010-06-03,20,"observed"
2010-06-04,21.1,"observed"
2010-06-05,22.2,"observed"
2010-06-06,17.7,"observed"
2010-06-07,14.1,"observed"
2010-06-08,13.2,"observed"
2010-06-09,11.6,"observed"
2010-06-10,12.3,"observed"
2010-06-11,15.1,"observed"
2010-06-12,15,"observed"
2010-06-13,15.1,"observed"
2010-06-14,17.5,"observed"
2010-06-15,17,"observed"
2010-06-16,16.1,"observed"
2010-06-17,16.6,"observed"
2010-06-18,20.7,"observed"
2010-06-19,21.2,"observed"
2010-06-20,21.8,"observed"
2010-06-21,21.9,"observed"
2010-06-22,20.1,"observed"
2010-06-23,21,"observed"
2010-06-24,22.9,"observed"
2010-06-25,20.4,"observed"
2010-06-26,19,"observed"
2010-06-27,21.8,"observed"
2010-06-28,24.1,"observed"
2010-06-29,21.4,"observed"
2010-06-30,15.3,"observed"
2010-07-01,14.4,"observed"
2010-07-02,17.1,"observed"
2010-07-03,20.6,"observed"
2010-07-04,22.1,"observed"
2010-07-05,25.4,"observed"
2010-07-06,27.8,"observed"
2010-07-07,27.6,"observed"
2010-07-08,24.5,"observed"
2010-07-09,24.5,"observed"
2010-07-10,21.1,"observed"
2010-07-11,22.4,"observed"
2010-07-12,23.5,"observed"
2010-07-13,23.6,"observed"
2010-07-14,21.5,"observed"
2010-07-15,22.1,"observed"
2010-07-16,23.1,"observed"
2010-07-17,23.9,"observed"
2010-07-18,22.3,"observed"
2010-07-19,22.6,"observed"
2010-07-20,21.5,"observed"
2010-07-21,21.5,"observed"
2010-07-22,20,"observed"
2010-07-23,18.5,"observed"
2010-07-24,24.4,"observed"
2010-07-25,22.6,"observed"
2010-07-26,19.2,"observed"
2010-07-27,21.5,"observed"
2010-07-28,23.1,"observed"
2010-07-29,23.1,"observed"
2010-07-30,18.2,"observed"
2010-07-31,17.4,"observed"
2010-08-01,19,"observed"
2010-08-02,19.9,"observed"
2010-08-03,21.9,"observed"
2010-08-04,24.3,"observed"
2010-08-05,22.9,"observed"
2010-08-06,20.8,"observed"
2010-08-07,17,"observed"
2010-08-08,20.4,"observed"
2010-08-09,24.4,"observed"
2010-08-10,23.1,"observed"
2010-08-11,22.8,"observed"
2010-08-12,19.8,"observed"
2010-08-13,18.6,"observed"
2010-08-14,18.8,"observed"
2010-08-15,18.5,"observed"
2010-08-16,20.3,"observed"
2010-08-17,22.5,"observed"
2010-08-18,20.5,"observed"
2010-08-19,22,"observed"
2010-08-20,19.7,"observed"
2010-08-21,17.6,"observed"
2010-08-22,17.4,"observed"
2010-08-23,15.4,"observed"
2010-08-24,16.3,"observed"
2010-08-25,16,"observed"
2010-08-26,19,"observed"
2010-08-27,16.1,"observed"
2010-08-28,17.8,"observed"
2010-08-29,22.3,"observed"
2010-08-30,23.1,"observed"
2010-08-31,25.2,"observed"
2010-09-01,25.2,"observed"
2010-09-02,25.5,"observed"
2010-09-03,23.1,"observed"
2010-09-04,19.8,"observed"
2010-09-05,14.5,"observed"
2010-09-06,16.6,"observed"
2010-09-07,21,"observed"
2010-09-08,19.5,"observed"
2010-09-09,14.1,"observed"
2010-09-10,13.1,"observed"
2010-09-11,15.7,"observed"
2010-09-12,12.8,"observed"
2010-09-13,13.6,"observed"
2010-09-14,14.7,"observed"
2010-09-15,11.7,"observed"
2010-09-16,13.1,"observed"
2010-09-17,15.2,"observed"
2010-09-18,13.8,"observed"
2010-09-19,16.1,"observed"
2010-09-20,13.1,"observed"
2010-09-21,13.2,"observed"
2010-09-22,19.8,"observed"
2010-09-23,17.9,"observed"
2010-09-24,19.9,"observed"
2010-09-25,21,"observed"
2010-09-26,14,"observed"
2010-09-27,12.6,"observed"
2010-09-28,19.5,"observed"
2010-09-29,20,"observed"
2010-09-30,20.1,"observed"
2010-10-01,16,"observed"
2010-10-02,10.5,"observed"
2010-10-03,8.5,"observed"
2010-10-04,10.2,"observed"
2010-10-05,10.9,"observed"
2010-10-06,10.2,"observed"
2010-10-07,10.7,"observed"
2010-10-08,13,"observed"
2010-10-09,10.4,"observed"
2010-10-10,8.9,"observed"
2010-10-11,11.9,"observed"
2010-10-12,9.4,"observed"
2010-10-13,7.9,"observed"
2010-10-14,8.9,"observed"
2010-10-15,5.3,"observed"
2010-10-16,6.6,"observed"
2010-10-17,8,"observed"
2010-10-18,6.7,"observed"
2010-10-19,5.3,"observed"
2010-10-20,7.6,"observed"
2010-10-21,6.2,"observed"
2010-10-22,2.6,"observed"
2010-10-23,5.8,"observed"
2010-10-24,6.7,"observed"
2010-10-25,11.7,"observed"
2010-10-26,18.1,"observed"
2010-10-27,18.3,"observed"
2010-10-28,14.2,"observed"
2010-10-29,6.1,"observed"
2010-10-30,5.8,"observed"
2010-10-31,4.7,"observed"
2010-11-01,1.8,"observed"
2010-11-02,2.4,"observed"
2010-11-03,1.6,"observed"
2010-11-04,5.1,"observed"
2010-11-05,5.8,"observed"
2010-11-06,3,"observed"
2010-11-07,1.5,"observed"
2010-11-08,1,"observed"
2010-11-09,5,"observed"
2010-11-10,5.7,"observed"
2010-11-11,5,"observed"
2010-11-12,7.7,"observed"
2010-11-13,8.8,"observed"
2010-11-14,6.6,"observed"
2010-11-15,6.4,"observed"
2010-11-16,7.3,"observed"
2010-11-17,9,"observed"
2010-11-18,4.7,"observed"
2010-11-19,-0.1,"observed"
2010-11-20,2.9,"observed"
2010-11-21,-0.6,"observed"
2010-11-22,5.9,"observed"
2010-11-23,10.2,"observed"
2010-11-24,2.3,"observed"
2010-11-25,-1.6,"observed"
2010-11-26,0.5,"observed"
2010-11-27,-1.3,"observed"
2010-11-28,-1.4,"observed"
2010-11-29,0.1,"observed"
2010-11-30,3.5,"observed"
2010-12-01,7.7,"observed"
2010-12-02,-0.3,"observed"
2010-12-03,-1.3,"observed"
2010-12-04,-1.6,"observed"
2010-12-05,-4.2,"observed"
2010-12-06,-5.6,"observed"
2010-12-07,-4.5,"observed"
2010-12-08,-6.1,"observed"
2010-12-09,-9.8,"observed"
2010-12-10,-10.1,"observed"
2010-12-11,-1.9,"observed"
2010-12-12,5.1,"observed"
2010-12-13,5,"observed"
2010-12-14,-9.2,"observed"
2010-12-15,-11.4,"observed"
2010-12-16,-7.6,"observed"
2010-12-17,-6.8,"observed"
2010-12-18,-3.8,"observed"
2010-12-19,-4.1,"observed"
2010-12-20,-6.5,"observed"
2010-12-21,-3.2,"observed"
2010-12-22,-1.8,"observed"
2010-12-23,-2.6,"observed"
2010-12-24,-4.1,"observed"
2010-12-25,-7,"observed"
2010-12-26,-6.8,"observed"
2010-12-27,-8.8,"observed"
2010-12-28,-6.5,"observed"
2010-12-29,-2.3,"observed"
2010-12-30,-2.2,"observed"
2010-12-31,2.1,"observed"
2011-01-01,6.9,"observed"
2011-01-02,4.4,"observed"
2011-01-03,-4.1,"observed"
2011-01-04,-4.3,"observed"
2011-01-05,-4.1,"observed"
2011-01-06,-7.5,"observed"
2011-01-07,-5.9,"observed"
2011-01-08,-5.4,"observed"
2011-01-09,-5.5,"observed"
2011-01-10,-6.2,"observed"
2011-01-11,-7,"observed"
2011-01-12,-6.1,"observed"
2011-01-13,-7.6,"observed"
2011-01-14,-11.3,"observed"
2011-01-15,-9.2,"observed"
2011-01-16,-5.9,"observed"
2011-01-17,-12.8,"observed"
2011-01-18,-5.5,"observed"
2011-01-19,-1.4,"observed"
2011-01-20,-7,"observed"
2011-01-21,-8,"observed"
2011-01-22,-11.5,"observed"
2011-01-23,-13.7,"observed"
2011-01-24,-19,"observed"
2011-01-25,-9.1,"observed"
2011-01-26,-5.3,"observed"
2011-01-27,-5.1,"observed"
2011-01-28,-5.7,"observed"
2011-01-29,-3.9,"observed"
2011-01-30,-5.7,"observed"
2011-01-31,-9.7,"observed"
2011-02-01,-10.1,"observed"
2011-02-02,-7.6,"observed"
2011-02-03,-8.6,"observed"
2011-02-04,-6.5,"observed"
2011-02-05,-3,"observed"
2011-02-06,-0.1,"observed"
2011-02-07,-0.8,"observed"
2011-02-08,-4.3,"observed"
2011-02-09,-9.5,"observed"
2011-02-10,-9.3,"observed"
2011-02-11,-10.3,"observed"
2011-02-12,-4.2,"observed"
2011-02-13,-4.3,"observed"
2011-02-14,4,"observed"
2011-02-15,-7.8,"observed"
2011-02-16,-4,"observed"
2011-02-17,6.2,"observed"
2011-02-18,9,"observed"
2011-02-19,-4.1,"observed"
2011-02-20,-7.5,"observed"
2011-02-21,-8.1,"observed"
2011-02-22,-8.8,"observed"
2011-02-23,-5.3,"observed"
2011-02-24,-2.1,"observed"
2011-02-25,-1.3,"observed"
2011-02-26,-4,"observed"
2011-02-27,-4.2,"observed"
2011-02-28,-1.6,"observed"
2011-03-01,-2.7,"observed"
2011-03-02,-2.1,"observed"
2011-03-03,-10.2,"observed"
2011-03-04,-5.2,"observed"
2011-03-05,4.6,"observed"
2011-03-06,7.5,"observed"
2011-03-07,-1.8,"observed"
2011-03-08,-2.6,"observed"
2011-03-09,-2.1,"observed"
2011-03-10,0.6,"observed"
2011-03-11,5.6,"observed"
2011-03-12,2.2,"observed"
2011-03-13,2.4,"observed"
2011-03-14,0.1,"observed"
2011-03-15,-0.1,"observed"
2011-03-16,0.9,"observed"
2011-03-17,7,"observed"
2011-03-18,10.5,"observed"
2011-03-19,2.6,"observed"
2011-03-20,0,"observed"
2011-03-21,-0.6,"observed"
2011-03-22,0,"observed"
2011-03-23,-2.1,"observed"
2011-03-24,-0.9,"observed"
2011-03-25,-2.4,"observed"
2011-03-26,-4,"observed"
2011-03-27,-2.7,"observed"
2011-03-28,-1,"observed"
2011-03-29,-0.2,"observed"
2011-03-30,3.1,"observed"
2011-03-31,2,"observed"
2011-04-01,-0.2,"observed"
2011-04-02,2.6,"observed"
2011-04-03,4,"observed"
2011-04-04,4.1,"observed"
2011-04-05,5.6,"observed"
2011-04-06,2.5,"observed"
2011-04-07,3.5,"observed"
2011-04-08,4.4,"observed"
2011-04-09,7.4,"observed"
2011-04-10,9.2,"observed"
2011-04-11,13.6,"observed"
2011-04-12,12.1,"observed"
2011-04-13,4.8,"observed"
2011-04-14,8.4,"observed"
2011-04-15,4.7,"observed"
2011-04-16,2,"observed"
2011-04-17,8.2,"observed"
2011-04-18,7.2,"observed"
2011-04-19,5.2,"observed"
2011-04-20,4.5,"observed"
2011-04-21,4.3,"observed"
2011-04-22,4.9,"observed"
2011-04-23,4.8,"observed"
2011-04-24,13.2,"observed"
2011-04-25,11.3,"observed"
2011-04-26,15.1,"observed"
2011-04-27,18.8,"observed"
2011-04-28,17,"observed"
2011-04-29,13.3,"observed"
2011-04-30,10.5,"observed"
2011-05-01,11.3,"observed"
2011-05-02,10.9,"observed"
2011-05-03,16.1,"observed"
2011-05-04,10.1,"observed"
2011-05-05,6.1,"observed"
2011-05-06,11.7,"observed"
2011-05-07,13.3,"observed"
2011-05-08,11.8,"observed"
2011-05-09,13.3,"observed"
2011-05-10,11.6,"observed"
2011-05-11,11.3,"observed"
2011-05-12,12.6,"observed"
2011-05-13,14.1,"observed"
2011-05-14,12.9,"observed"
2011-05-15,11.9,"observed"
2011-05-16,8.6,"observed"
2011-05-17,8.4,"observed"
2011-05-18,10.6,"observed"
2011-05-19,13.4,"observed"
2011-05-20,14.9,"observed"
2011-05-21,15.4,"observed"
2011-05-22,11.2,"observed"
2011-05-23,11.9,"observed"
2011-05-24,18.4,"observed"
2011-05-25,18.5,"observed"
2011-05-26,20,"observed"
2011-05-27,22.6,"observed"
2011-05-28,20.5,"observed"
2011-05-29,21.7,"observed"
2011-05-30,22.4,"observed"
2011-05-31,22.6,"observed"
2011-06-01,20.8,"observed"
2011-06-02,13.7,"observed"
2011-06-03,12.5,"observed"
2011-06-04,13.9,"observed"
2011-06-05,14.5,"observed"
2011-06-06,18.8,"observed"
2011-06-07,21.6,"observed"
2011-06-08,23.8,"observed"
2011-06-09,20.3,"observed"
2011-06-10,19.8,"observed"
2011-06-11,12.5,"observed"
2011-06-12,10.9,"observed"
2011-06-13,14.8,"observed"
2011-06-14,11.8,"observed"
2011-06-15,16.2,"observed"
2011-06-16,19.5,"observed"
2011-06-17,17.2,"observed"
2011-06-18,19.6,"observed"
2011-06-19,17.3,"observed"
2011-06-20,18.2,"observed"
2011-06-21,20.2,"observed"
2011-06-22,17.6,"observed"
2011-06-23,15.8,"observed"
2011-06-24,12.7,"observed"
2011-06-25,15.2,"observed"
2011-06-26,18.8,"observed"
2011-06-27,20.6,"observed"
2011-06-28,21.6,"observed"
2011-06-29,19.6,"observed"
2011-06-30,18.3,"observed"
2011-07-01,18.1,"observed"
2011-07-02,20.7,"observed"
2011-07-03,19.8,"observed"
2011-07-04,22.4,"observed"
2011-07-05,22.8,"observed"
2011-07-06,22.4,"observed"
2011-07-07,20.9,"observed"
2011-07-08,19.4,"observed"
2011-07-09,20.6,"observed"
2011-07-10,20.4,"observed"
2011-07-11,24.3,"observed"
2011-07-12,25.2,"observed"
2011-07-13,20.3,"observed"
2011-07-14,18.2,"observed"
2011-07-15,20.2,"observed"
2011-07-16,21.7,"observed"
2011-07-17,23.9,"observed"
2011-07-18,22.3,"observed"
2011-07-19,22.2,"observed"
2011-07-20,23,"observed"
2011-07-21,25.9,"observed"
2011-07-22,28.3,"observed"
2011-07-23,24.8,"observed"
2011-07-24,23.1,"observed"
2011-07-25,17.5,"observed"
2011-07-26,18.6,"observed"
2011-07-27,19.4,"observed"
2011-07-28,20.8,"observed"
2011-07-29,20.8,"observed"
2011-07-30,22.2,"observed"
2011-07-31,21.8,"observed"
2011-08-01,21.4,"observed"
2011-08-02,20.6,"observed"
2011-08-03,19.4,"observed"
2011-08-04,20.3,"observed"
2011-08-05,20.9,"observed"
2011-08-06,21.8,"observed"
2011-08-07,22.6,"observed"
2011-08-08,22.5,"observed"
2011-08-09,20.3,"observed"
2011-08-10,20.3,"observed"
2011-08-11,18.3,"observed"
2011-08-12,18,"observed"
2011-08-13,20.3,"observed"
2011-08-14,18,"observed"
2011-08-15,16.7,"observed"
2011-08-16,15.9,"observed"
2011-08-17,19.6,"observed"
2011-08-18,21.5,"observed"
2011-08-19,21.6,"observed"
2011-08-20,21.3,"observed"
2011-08-21,20.7,"observed"
2011-08-22,17.8,"observed"
2011-08-23,15.8,"observed"
2011-08-24,18.9,"observed"
2011-08-25,20.2,"observed"
2011-08-26,20.8,"observed"
2011-08-27,20.2,"observed"
2011-08-28,19.1,"observed"
2011-08-29,16.2,"observed"
2011-08-30,17.6,"observed"
2011-08-31,19.4,"observed"
2011-09-01,18.9,"observed"
2011-09-02,18.1,"observed"
2011-09-03,20.5,"observed"
2011-09-04,21.6,"observed"
2011-09-05,21.2,"observed"
2011-09-06,15,"observed"
2011-09-07,13.5,"observed"
2011-09-08,15.9,"observed"
2011-09-09,18.7,"observed"
2011-09-10,16.8,"observed"
2011-09-11,14.9,"observed"
2011-09-12,18.5,"observed"
2011-09-13,20.5,"observed"
2011-09-14,20.1,"observed"
2011-09-15,15,"observed"
2011-09-16,8.7,"observed"
2011-09-17,9.9,"observed"
2011-09-18,11,"observed"
2011-09-19,11.4,"observed"
2011-09-20,13.5,"observed"
2011-09-21,17.4,"observed"
2011-09-22,19.3,"observed"
2011-09-23,19.6,"observed"
2011-09-24,20.6,"observed"
2011-09-25,19.9,"observed"
2011-09-26,20.2,"observed"
2011-09-27,19.9,"observed"
2011-09-28,17.9,"observed"
2011-09-29,16.4,"observed"
2011-09-30,16,"observed"
2011-10-01,12.2,"observed"
2011-10-02,12.4,"observed"
2011-10-03,11.4,"observed"
2011-10-04,11,"observed"
2011-10-05,10.4,"observed"
2011-10-06,7.4,"observed"
2011-10-07,9,"observed"
2011-10-08,15.1,"observed"
2011-10-09,18.4,"observed"
2011-10-10,18.8,"observed"
2011-10-11,14.4,"observed"
2011-10-12,11,"observed"
2011-10-13,13.1,"observed"
2011-10-14,15.1,"observed"
2011-10-15,11,"observed"
2011-10-16,11.8,"observed"
2011-10-17,11.4,"observed"
2011-10-18,10.1,"observed"
2011-10-19,10.4,"observed"
2011-10-20,12.7,"observed"
2011-10-21,9.9,"observed"
2011-10-22,8.2,"observed"
2011-10-23,5.4,"observed"
2011-10-24,8,"observed"
2011-10-25,7.3,"observed"
2011-10-26,5,"observed"
2011-10-27,2.1,"observed"
2011-10-28,0.2,"observed"
2011-10-29,-0.6,"observed"
2011-10-30,0.1,"observed"
2011-10-31,1.9,"observed"
2011-11-01,3,"observed"
2011-11-02,4.1,"observed"
2011-11-03,6.1,"observed"
2011-11-04,3.8,"observed"
2011-11-05,1.7,"observed"
2011-11-06,4.3,"observed"
2011-11-07,8.2,"observed"
2011-11-08,11.3,"observed"
2011-11-09,12.8,"observed"
2011-11-10,12.6,"observed"
2011-11-11,3.7,"observed"
2011-11-12,4.3,"observed"
2011-11-13,9.2,"observed"
2011-11-14,12.2,"observed"
2011-11-15,12.1,"observed"
2011-11-16,9.9,"observed"
2011-11-17,4.1,"observed"
2011-11-18,0.1,"observed"
2011-11-19,3.9,"observed"
2011-11-20,10.3,"observed"
2011-11-21,4.5,"observed"
2011-11-22,2,"observed"
2011-11-23,0.6,"observed"
2011-11-24,0.9,"observed"
2011-11-25,6.8,"observed"
2011-11-26,9.1,"observed"
2011-11-27,7.7,"observed"
2011-11-28,12.3,"observed"
2011-11-29,14,"observed"
2011-11-30,7.7,"observed"
2011-12-01,2.1,"observed"
2011-12-02,1.3,"observed"
2011-12-03,0.3,"observed"
2011-12-04,4.4,"observed"
2011-12-05,8.8,"observed"
2011-12-06,11.7,"observed"
2011-12-07,8.3,"observed"
2011-12-08,-0.1,"observed"
2011-12-09,1,"observed"
2011-12-10,-0.8,"observed"
2011-12-11,-3.5,"observed"
2011-12-12,-0.3,"observed"
2011-12-13,0.5,"observed"
2011-12-14,1.7,"observed"
2011-12-15,5.6,"observed"
2011-12-16,3.6,"observed"
2011-12-17,-2.2,"observed"
2011-12-18,-9.4,"observed"
2011-12-19,-2.5,"observed"
2011-12-20,0.3,"observed"
2011-12-21,4.9,"observed"
2011-12-22,6.7,"observed"
2011-12-23,1.5,"observed"
2011-12-24,-6,"observed"
2011-12-25,-3.4,"observed"
2011-12-26,0,"observed"
2011-12-27,2.6,"observed"
2011-12-28,1.4,"observed"
2011-12-29,-6.7,"observed"
2011-12-30,-1.3,"observed"
2011-12-31,1,"observed"
